BEGIN TRANSACTION;
DROP TABLE IF EXISTS "groups";
CREATE TABLE "groups" ("id" INTEGER PRIMARY KEY AUTOINCREMENT NOT NULL, "name" varchar, "created_at" datetime NOT NULL, "updated_at" datetime NOT NULL);
INSERT INTO "groups" VALUES(1,'Group 0','2015-06-28 09:26:50.638536','2015-06-28 09:26:50.638536');
INSERT INTO "groups" VALUES(2,'Group 1','2015-06-28 09:26:50.741232','2015-06-28 09:26:50.741232');
INSERT INTO "groups" VALUES(3,'Group 2','2015-06-28 09:26:50.842217','2015-06-28 09:26:50.842217');
INSERT INTO "groups" VALUES(4,NULL,'2015-06-28 09:44:07.774571','2015-06-28 09:44:07.774571');
INSERT INTO "groups" VALUES(5,NULL,'2015-06-28 09:45:00.712585','2015-06-28 09:45:00.712585');
INSERT INTO "groups" VALUES(6,NULL,'2015-06-28 09:52:46.029597','2015-06-28 09:52:46.029597');
INSERT INTO "groups" VALUES(7,'A GROUP','2015-06-28 09:54:45.123722','2015-06-28 09:54:45.123722');
INSERT INTO "groups" VALUES(8,NULL,'2015-06-28 10:14:42.314887','2015-06-28 10:14:42.314887');
COMMIT;
BEGIN TRANSACTION;
DROP TABLE IF EXISTS "group_transactions";
CREATE TABLE "group_transactions" ("id" INTEGER PRIMARY KEY AUTOINCREMENT NOT NULL, "created_at" datetime NOT NULL, "updated_at" datetime NOT NULL, "purpose" varchar, "group_id" integer, "user_id" integer);
INSERT INTO "group_transactions" VALUES(1,'2015-06-28 09:26:52.017408','2015-06-28 09:26:52.017408','Test 1',2,1);
INSERT INTO "group_transactions" VALUES(2,'2015-06-28 09:26:52.248939','2015-06-28 09:26:52.248939','Test 2',NULL,NULL);
INSERT INTO "group_transactions" VALUES(3,'2015-06-28 10:18:10.572053','2015-06-28 10:18:10.572053','test',NULL,6);
COMMIT;
BEGIN TRANSACTION;
DROP TABLE IF EXISTS "schema_migrations";
CREATE TABLE "schema_migrations" ("version" varchar NOT NULL);
INSERT INTO "schema_migrations" VALUES('20150628041130');
INSERT INTO "schema_migrations" VALUES('20150627230418');
INSERT INTO "schema_migrations" VALUES('20150627222011');
INSERT INTO "schema_migrations" VALUES('20150627230439');
INSERT INTO "schema_migrations" VALUES('20150627230254');
INSERT INTO "schema_migrations" VALUES('20150627230459');
INSERT INTO "schema_migrations" VALUES('20150628041042');
INSERT INTO "schema_migrations" VALUES('20150627225217');
INSERT INTO "schema_migrations" VALUES('20150627221811');
INSERT INTO "schema_migrations" VALUES('20150627221555');
INSERT INTO "schema_migrations" VALUES('20150627220347');
INSERT INTO "schema_migrations" VALUES('20150627230318');
COMMIT;
BEGIN TRANSACTION;
DROP TABLE IF EXISTS "user_groups";
CREATE TABLE "user_groups" ("id" INTEGER PRIMARY KEY AUTOINCREMENT NOT NULL, "created_at" datetime NOT NULL, "updated_at" datetime NOT NULL, "user_id" integer, "group_id" integer);
INSERT INTO "user_groups" VALUES(1,'2015-06-28 09:26:50.962181','2015-06-28 09:26:50.962181',1,1);
INSERT INTO "user_groups" VALUES(2,'2015-06-28 09:26:51.069718','2015-06-28 09:26:51.069718',2,1);
INSERT INTO "user_groups" VALUES(3,'2015-06-28 09:26:51.177912','2015-06-28 09:26:51.177912',3,1);
INSERT INTO "user_groups" VALUES(4,'2015-06-28 09:26:51.286875','2015-06-28 09:26:51.286875',4,1);
INSERT INTO "user_groups" VALUES(5,'2015-06-28 09:26:51.395845','2015-06-28 09:26:51.395845',5,1);
INSERT INTO "user_groups" VALUES(6,'2015-06-28 09:26:51.504745','2015-06-28 09:26:51.504745',1,2);
INSERT INTO "user_groups" VALUES(7,'2015-06-28 09:26:51.605426','2015-06-28 09:26:51.605426',2,2);
INSERT INTO "user_groups" VALUES(8,'2015-06-28 09:26:51.747790','2015-06-28 09:26:51.747790',1,3);
INSERT INTO "user_groups" VALUES(9,'2015-06-28 09:26:51.856581','2015-06-28 09:26:51.856581',3,3);
INSERT INTO "user_groups" VALUES(10,'2015-06-28 10:14:42.426573','2015-06-28 10:14:42.426573',2,8);
COMMIT;
BEGIN TRANSACTION;
DROP TABLE IF EXISTS "users";
CREATE TABLE "users" ("id" INTEGER PRIMARY KEY AUTOINCREMENT NOT NULL, "fb_user_id" varchar, "created_at" datetime NOT NULL, "updated_at" datetime NOT NULL);
INSERT INTO "users" VALUES(1,'10203009590600581','2015-06-28 09:26:50.041108','2015-06-28 09:26:50.041108');
INSERT INTO "users" VALUES(2,'10203301711458366','2015-06-28 09:26:50.162097','2015-06-28 09:26:50.162097');
INSERT INTO "users" VALUES(3,'10205550602177945','2015-06-28 09:26:50.279334','2015-06-28 09:26:50.279334');
INSERT INTO "users" VALUES(4,'10203853153025643','2015-06-28 09:26:50.398272','2015-06-28 09:26:50.398272');
INSERT INTO "users" VALUES(5,'44444444444','2015-06-28 09:26:50.507137','2015-06-28 09:26:50.507137');
INSERT INTO "users" VALUES(6,'10203053400335797','2015-06-28 10:09:02.958444','2015-06-28 10:09:02.958444');
COMMIT;
BEGIN TRANSACTION;
DROP TABLE IF EXISTS "user_transactions";
CREATE TABLE "user_transactions" ("id" INTEGER PRIMARY KEY AUTOINCREMENT NOT NULL, "updated_at" datetime NOT NULL, "amount" integer, "settled" boolean, "created_at" datetime NOT NULL, "group_transaction_id" integer, "user_id" integer, "other_user_id" integer);
INSERT INTO "user_transactions" VALUES(1,'2015-06-28 09:26:52.134905',100,'f','2015-06-28 09:26:52.134905',1,1,2);
INSERT INTO "user_transactions" VALUES(2,'2015-06-28 09:26:52.352990',200,'f','2015-06-28 09:26:52.352990',2,2,1);
COMMIT;
